{"name":"build-javascript","namedChunkGroups":{"app":{"name":"app","assets":[{"name":"webpack-runtime-48290fc70e2c9955dfd0.js","size":4855},{"name":"framework-6987590f6171703b1768.js","size":140751},{"name":"app-ccaf91a44ec594a5a46d.js","size":61810}],"filteredAssets":0,"assetsSize":207416,"filteredAuxiliaryAssets":3,"auxiliaryAssetsSize":594560},"component---src-pages-404-js":{"name":"component---src-pages-404-js","assets":[{"name":"styles.d73745cb52c0948682c4.css","size":48344},{"name":"94726e6d-bae324883d7a19a8e1ff.js","size":51651},{"name":"commons-c0707a5c112e833b85dc.js","size":64246},{"name":"component---src-pages-404-js-b98ff81c5e064201f9e5.js","size":693}],"filteredAssets":0,"assetsSize":164934,"filteredAuxiliaryAssets":3,"auxiliaryAssetsSize":593849},"component---src-pages-aviso-js":{"name":"component---src-pages-aviso-js","assets":[{"name":"styles.d73745cb52c0948682c4.css","size":48344},{"name":"94726e6d-bae324883d7a19a8e1ff.js","size":51651},{"name":"commons-c0707a5c112e833b85dc.js","size":64246},{"name":"component---src-pages-aviso-js-de97296d1b4a045d2f7a.js","size":642}],"filteredAssets":0,"assetsSize":164883,"filteredAuxiliaryAssets":3,"auxiliaryAssetsSize":593783},"component---src-pages-index-js":{"name":"component---src-pages-index-js","assets":[{"name":"styles.d73745cb52c0948682c4.css","size":48344},{"name":"94726e6d-bae324883d7a19a8e1ff.js","size":51651},{"name":"commons-c0707a5c112e833b85dc.js","size":64246},{"name":"component---src-pages-index-js-41f5fc8d5ff3b675d5b9.js","size":20650}],"filteredAssets":0,"assetsSize":184891,"filteredAuxiliaryAssets":5,"auxiliaryAssetsSize":3624001}},"assetsByChunkName":{"app":["webpack-runtime-48290fc70e2c9955dfd0.js","framework-6987590f6171703b1768.js","app-ccaf91a44ec594a5a46d.js"],"component---src-pages-404-js":["styles.d73745cb52c0948682c4.css","94726e6d-bae324883d7a19a8e1ff.js","commons-c0707a5c112e833b85dc.js","component---src-pages-404-js-b98ff81c5e064201f9e5.js"],"component---src-pages-aviso-js":["styles.d73745cb52c0948682c4.css","94726e6d-bae324883d7a19a8e1ff.js","commons-c0707a5c112e833b85dc.js","component---src-pages-aviso-js-de97296d1b4a045d2f7a.js"],"component---src-pages-index-js":["styles.d73745cb52c0948682c4.css","94726e6d-bae324883d7a19a8e1ff.js","commons-c0707a5c112e833b85dc.js","component---src-pages-index-js-41f5fc8d5ff3b675d5b9.js"]},"childAssetsByChunkName":{}}